{
  "info": {
    "name": "IKLIN API",
    "_postman_id": "12345678-iklin-collection",
    "description": "Testing all IKLIN endpoints",
    "schema": "https://schema.getpostman.com/json/collection/v2.1.0/collection.json"
  },
  "item": [
    {
      "name": "Register User",
      "request": {
        "method": "POST",
        "header": [{ "key": "Content-Type", "value": "application/json" }],
        "body": {
          "mode": "raw",
          "raw": "{\n  \"username\": \"testuser\",\n  \"password\": \"123456\"\n}"
        },
        "url": {
          "raw": "https://api3.app.iklin.online/api/auth/register",
          "protocol": "https",
          "host": ["api3", "app", "iklin", "online"],
          "path": ["api", "auth", "register"]
        }
      }
    },
    {
      "name": "Login User",
      "request": {
        "method": "POST",
        "header": [{ "key": "Content-Type", "value": "application/json" }],
        "body": {
          "mode": "raw",
          "raw": "{\n  \"username\": \"testuser\",\n  \"password\": \"123456\"\n}"
        },
        "url": {
          "raw": "https://api3.app.iklin.online/api/auth/login",
          "protocol": "https",
          "host": ["api3", "app", "iklin", "online"],
          "path": ["api", "auth", "login"]
        }
      }
    },
    {
      "name": "Get All Users",
      "request": {
        "method": "GET",
        "header": [
          { "key": "Authorization", "value": "Bearer {{token}}" }
        ],
        "url": {
          "raw": "https://api3.app.iklin.online/api/users",
          "protocol": "https",
          "host": ["api3", "app", "iklin", "online"],
          "path": ["api", "users"]
        }
      }
    },
    {
      "name": "Admin Protected Route",
      "request": {
        "method": "GET",
        "header": [
          { "key": "Authorization", "value": "Bearer {{token}}" }
        ],
        "url": {
          "raw": "https://api3.app.iklin.online/api/admin",
          "protocol": "https",
          "host": ["api3", "app", "iklin", "online"],
          "path": ["api", "admin"]
        }
      }
    }
  ]
}
